{"portada":"\/Applications\/MAMP\/htdocs\/mrmovy local\/images\/portadas\/Rapido y Furioso.","titulo":"Rapido y Furioso","genero":"Drama","anio":"2001","duracion":"1h 46m","resumen":"waresztxdfvhujk","actores":" Vin Diesel, Paul Walker, Michelle Rodriguez ","produccion":"Rob Cohen","netflix":"https:\/\/www.imdb.com\/title\/tt0232500\/videoplayer\/vi2508980505","trailer":"https:\/\/www.imdb.com\/title\/tt0232500\/videoplayer\/vi2508980505"}
{"portada":"\/Applications\/MAMP\/htdocs\/mrmovy\/images\/portadas\/asd.","titulo":"asd","genero":"sad","anio":"123","duracion":"123","resumen":"123123sdfasdfasdfasdfasdf","actores":"123","produccion":"123","netflix":"http:\/\/asdf.com","trailer":"http:\/\/sdfsfd.com"}
{"portada":"\/Applications\/MAMP\/htdocs\/mrmovy\/images\/portadas\/asd.","titulo":"asd","genero":"sad","anio":"123","duracion":"123","resumen":"sdfsdf","actores":"sdfsdf","produccion":"sdf","netflix":"http:\/\/asdf.com","trailer":"http:\/\/sdfsfd.com"}
{"portada":"\/Applications\/MAMP\/htdocs\/mrmovy\/images\/portadas\/asdasdf.","titulo":"asdasdf","genero":"sadasdf","anio":"123asdf","duracion":"123asdf","resumen":"123123123","actores":"123asdf","produccion":"123asdfasfd","netflix":"http:\/\/asdf.com","trailer":"http:\/\/sdfsfd.com"}
{"portada":"\/Applications\/MAMP\/htdocs\/mrmovy\/images\/portadas\/asdasdf.jpg","titulo":"asdasdf","genero":"sadfasdf","anio":"asdfasdf","duracion":"asdfasdf","resumen":"asdfasdf","actores":"asdfasf","produccion":"asdfasdf","netflix":"http:\/\/asdf.com","trailer":"http:\/\/sdfsfd.com"}
{"portada":"\/Applications\/MAMP\/htdocs\/mrmovy\/images\/portadas\/asd.png","titulo":"asd","genero":"dfasdf","anio":"asdfasdf","duracion":"asdf","resumen":"asdfasdf","actores":"adsf","produccion":"asdf","netflix":"http:\/\/asdf.com","trailer":"http:\/\/sdfsfd.com"}
{"portada":"\/Applications\/MAMP\/htdocs\/mrmovy\/images\/portadas\/sadf.png","titulo":"sadf","genero":"asdf","anio":"asdf","duracion":"asdf","resumen":"asdfasdfasdf","actores":"asdf","produccion":"asdf","netflix":"http:\/\/asdf.com","trailer":"http:\/\/sdfsfd.com"}
