{"email":"juanbanzer@gmail.com","pass":"$2y$10$GBsG.aqZBPHcCQcjftIrNOz9dhtdR1j.zHZRnQliNoSVWxU06.ZS2","id":1,"encuesta":"1"}
{"email":"prueba@prueba.com","pass":"$2y$10$2\/LpzGLP\/mrRdgK1wsvx5.APAeHuVFcklkXeIpVbc2U23J077tMTK","id":2,"encuesta":"1"}
{"email":"123123@asasd.com","pass":"$2y$10$3aRNqCQkKCSKI8kkHvEY..Hb9S\/dPleL5y5WlRhT0qzJbrcg3dPMq","id":3,"encuesta":"0"}
{"email":"123@123.com","pass":"$2y$10$etpbA7fB5HBLphaxsJs6..cFUwjOo\/SzQ1lqjcpjbfi.iU9ooHV6y","id":4,"encuesta":"1"}
{"email":"hola@usuario.com","pass":"$2y$10$qIt4Sw1bzpR1lyGKIsxSyuN2\/HILM1gzd3Ytxg0jpuvU540D4G4Oq","id":5,"encuesta":"1"}
